{
    "mean": [
        75.55322500000001,
        97.860075,
        17.158575,
        37.052587499999994
    ],
    "scale": [
        5.076899605012393,
        2.765714373245184,
        3.825552113012578,
        1.148484133474969
    ],
    "var": [
        25.774909599374997,
        7.649175994375001,
        14.634848969375,
        1.3190158048437501
    ],
    "n_features_in": 4,
    "n_samples_seen": 8000,
    "feature_names": [
        "heart_rate",
        "spo2",
        "respiratory_rate",
        "temperature"
    ]
}